{"_runtime":2.272436348,"_timestamp":1.7580725526915898e+09,"train/loss":4.289522171020508,"lr":9.900990099009901e-06,"iter":0,"val/loss":4.273960113525391,"mfu":-100,"_step":0,"_wandb":{"runtime":7}}