{"_runtime":0.882500329,"train/loss":4.2985076904296875,"_timestamp":1.7580727175186434e+09,"iter":0,"val/loss":4.3202667236328125,"lr":9.900990099009901e-06,"_wandb":{"runtime":21},"_step":0,"mfu":-100}