{"_step":20,"iter":5000,"val/loss":1.4538620710372925,"_wandb":{"runtime":29},"mfu":11.941874626585172,"lr":0.0001,"_timestamp":1.7580732446589086e+09,"train/loss":1.2828946113586426,"_runtime":29.163283329}