{"train/loss":4.280808448791504,"_wandb":{"runtime":13},"_runtime":5.592587439,"val/loss":4.281731128692627,"_step":0,"lr":9.900990099009901e-06,"iter":0,"mfu":-100,"_timestamp":1.7580723316819215e+09}