{"train/loss":1.3931748867034912,"_wandb":{"runtime":1029},"lr":0.00035475231739709885,"mfu":0.10690509919784813,"val/loss":1.6092487573623657,"_runtime":959.40422073,"iter":3250,"_timestamp":1.7580749491192183e+09,"_step":13}