{"val/loss":4.319816589355469,"mfu":-100,"_runtime":1.495697861,"_step":0,"lr":9.900990099009901e-06,"_wandb":{"runtime":35},"_timestamp":1.758072891797047e+09,"iter":0,"train/loss":4.3317108154296875}