{"_step":20,"train/loss":0.6219530701637268,"mfu":15.691546234228081,"_timestamp":1.7580688367849855e+09,"_wandb":{"runtime":186},"iter":5000,"_runtime":186,"val/loss":1.7121920585632324,"lr":0.0001}