{"_runtime":1.303660244,"_wandb":{"runtime":97},"val/loss":4.3202667236328125,"_timestamp":1.7580727573559122e+09,"iter":0,"lr":9.900990099009901e-06,"_step":0,"train/loss":4.2985076904296875,"mfu":-100}