{"mfu":-100,"_timestamp":1.7580726049816089e+09,"_step":0,"_wandb":{"runtime":59},"iter":0,"train/loss":4.2985076904296875,"_runtime":1.482662522,"val/loss":4.3202667236328125,"lr":9.900990099009901e-06}