{"val/loss":1.7430542707443237,"mfu":0.14600270083308048,"train/loss":1.598233699798584,"_timestamp":1.7580738053044484e+09,"_step":6,"_wandb":{"runtime":485},"iter":1500,"lr":0.0008305704108364302,"_runtime":440.962361637}