{"_timestamp":1.7580731224541862e+09,"_step":20,"iter":5000,"_runtime":38.154430276,"lr":0.0001,"mfu":12.074039884353207,"train/loss":1.2825394868850708,"_wandb":{"runtime":38},"val/loss":1.436423659324646}