{"train/loss":1.2881081104278564,"lr":0.0001,"iter":5000,"mfu":8.82344995345652,"_timestamp":1.7580739067935312e+09,"_step":20,"val/loss":1.4363622665405273,"_wandb":{"runtime":33},"_runtime":33.263335745}