{"_wandb":{"runtime":41},"train/loss":1.3595726490020752,"iter":750,"mfu":14.07685697431133,"lr":0.0009614856803571157,"val/loss":1.5795643329620361,"_timestamp":1.7580710304699428e+09,"_step":3,"_runtime":41}