{"_wandb":{"runtime":8},"train/loss":4.287754058837891,"iter":0,"val/loss":4.277462005615234,"_runtime":2.207264595,"_step":0,"lr":9.900990099009901e-06,"_timestamp":1.758072579378054e+09,"mfu":-100}