{"_timestamp":1.7580730252813008e+09,"lr":9.900990099009901e-06,"_step":0,"train/loss":4.3317108154296875,"_wandb":{"runtime":24},"mfu":-100,"_runtime":1.521100159,"val/loss":4.319816589355469,"iter":0}