{"_timestamp":1.7580729498683722e+09,"_step":0,"val/loss":4.242942810058594,"iter":0,"train/loss":4.230125427246094,"_wandb":{"runtime":35},"_runtime":1.553607581,"lr":9.900990099009901e-06,"mfu":-100}